<?xml version="1.0" encoding="UTF-8"?>
<beans xmlns="http://www.springframework.org/schema/beans"
       xmlns:xsi="http://www.w3.org/2001/XMLSchema-instance"
       xmlns:tx="http://www.springframework.org/schema/tx"
       xmlns:context="http://www.springframework.org/schema/context"
       xmlns:jdbc="http://www.springframework.org/schema/jdbc"
       xsi:schemaLocation="http://www.springframework.org/schema/beans http://www.springframework.org/schema/beans/spring-beans.xsd
            http://www.springframework.org/schema/tx http://www.springframework.org/schema/tx/spring-tx-3.2.xsd
            http://www.springframework.org/schema/context http://www.springframework.org/schema/context/spring-context-3.2.xsd
            http://www.springframework.org/schema/jdbc http://www.springframework.org/schema/jdbc/spring-jdbc-3.2.xsd">

    <context:component-scan base-package="net.petrikainulainen.spring.jooq.todo"/>
    <context:property-placeholder location="classpath:application.properties" ignore-resource-not-found="false"/>

    <bean id="dataSource" class="com.jolbox.bonecp.BoneCPDataSource" destroy-method="close">
        <property name="driverClass" value="${db.driver}"/>
        <property name="jdbcUrl" value="${db.url}"/>
        <property name="username" value="${db.username}"/>
        <property name="password" value="${db.password}"/>
    </bean>

    <bean id="lazyConnectionDataSource" class="org.springframework.jdbc.datasource.LazyConnectionDataSourceProxy">
        <constructor-arg ref="dataSource"/>
    </bean>

    <bean id="transactionAwareDataSource" class="org.springframework.jdbc.datasource.TransactionAwareDataSourceProxy">
        <constructor-arg ref="lazyConnectionDataSource" />
    </bean>

    <bean id="transactionManager" class="org.springframework.jdbc.datasource.DataSourceTransactionManager">
        <property name="dataSource" ref="lazyConnectionDataSource"/>
    </bean>

    <tx:annotation-driven/>

    <bean class="org.jooq.impl.DataSourceConnectionProvider" name="connectionProvider">
        <constructor-arg ref="transactionAwareDataSource" />
    </bean>

    <bean id="dsl" class="org.jooq.impl.DefaultDSLContext">
        <constructor-arg ref="config" />
    </bean>

    <bean id="jooqToSpringExceptionTransformer" class="net.petrikainulainen.spring.jooq.config.exception.JOOQToSpringExceptionTransformer"/>

    <bean class="org.jooq.impl.DefaultConfiguration" name="config">
        <constructor-arg index="0" ref="connectionProvider" />
        <constructor-arg index="1"><null /></constructor-arg>
        <constructor-arg index="2"><null /></constructor-arg>
        <constructor-arg index="3">
            <list>
                <bean class="org.jooq.impl.DefaultExecuteListenerProvider">
                    <constructor-arg index="0" ref="jooqToSpringExceptionTransformer"/>
                </bean>
            </list>
        </constructor-arg>
        <constructor-arg index="4"><null /></constructor-arg>
        <constructor-arg index="5"><value type="org.jooq.SQLDialect">${jooq.sql.dialect}</value></constructor-arg>
        <constructor-arg index="6"><null /></constructor-arg>
        <constructor-arg index="7"><null /></constructor-arg>
    </bean>

    <jdbc:initialize-database data-source="dataSource">
        <jdbc:script location="classpath:${db.schema.script}"/>
    </jdbc:initialize-database>
</beans>