<configuration>

    <appender name="STDOUT" class="ch.qos.logback.core.ConsoleAppender">
        <encoder>
            <pattern>org.p4535992.mvc.webapp - %date [%thread] %-5level %logger{36} - %message%n
            </pattern>
        </encoder>
    </appender>

    <logger name="org.springframework" level="WARN" />
    <logger name="org.apache.commons.httpclient" level="WARN" />
    <logger name="org.apache.http.client" leve ="WARN"/>
    <!--<logger name = "e.i.karma.metadata.KarmaUserMetadata" leve="WARN"></logger>-->
    <root level="INFO">
        <appender-ref ref="STDOUT" />
    </root>

</configuration>